INSERT INTO book VALUES (9787543321724, 'The Catcher in the Rye', 'bildungsroman', 277, 1);
INSERT INTO book VALUES (9781982149482, 'The Great Gatsby', 'fiction', 208, 2);
INSERT INTO book VALUES (9780062059949, 'The Seletion', 'young adult fiction', 352, 3);
INSERT INTO book VALUES (9781984822178, 'Normal People', 'fiction', 288, 4);
INSERT INTO book VALUES (9781635575569, 'A Court of Thorns and Roses', 'fantasy', 448, 5);
INSERT INTO book VALUES (9781635575583, 'A Court of Mist and Fury', 'fantasy'. 656, 5);
INSERT INTO book VALUES (9780439023481, 'The Hunger Games', 'young adult fiction', 384, 6);
INSERT INTO book VALUES (9780545586177, 'Catching Fire', 'young adult fiction', 400, 6);
INSERT INTO book VALUES (9780545663267, 'Mockingjay', 'young adult fiction', 400, 6);
INSERT INTO book VALUES (9781503278196, 'Jane Eyre', 'bildungsroman', 290, 7);

INSERT INTO keywords VALUES (9781503278196, 'classic');
INSERT INTO keywords VALUES (9780545663267, 'ya');
INSERT INTO keywords VALUES (9781503278196, 'romance');
INSERT INTO keywords VALUES (9780545663267, 'distopian');
INSERT INTO keywords VALUES (9780545586177, 'distopian');
INSERT INTO keywords VALUES (9780439023481, 'distopian');
INSERT INTO keywords VALUES (9780439023481, 'ya');
INSERT INTO keywords VALUES (9781635575583, 'romance');
INSERT INTO keywords VALUES (9781635575569, 'romance');
INSERT INTO keywords VALUES (9781984822178, 'contemporary');
INSERT INTO keywords VALUES (9780062059949, 'romance');
INSERT INTO keywords VALUES (9781982149482, 'classic');
INSERT INTO keywords VALUES (9787543321724, 'classic');

INSERT INTO author VALUES (1, 'J.D. Salinger');
INSERT INTO author VALUES (2, 'F. Scott Fitzgerald');
INSERT INTO author VALUES (3, 'Keira Cass');
INSERT INTO author VALUES (4, 'Sally Rooney');
INSERT INTO author VALUES (5, 'Sarah J. Maas');
INSERT INTO author VALUES (6, 'Suzanne Collins');
INSERT INTO author VALUES (7, 'Charlotte Bronte');

INSERT INTO user VALUES (1, 'Anna Nardelli', 's1164308@monmouth.edu');
